,b,b_std
NodeBB__NodeBB-04998908ba6721d64eba79ae3b65a351dcfbc5b5,2.329517,0.8103905
NodeBB__NodeBB-05f2236193f407cf8e2072757fbd6bb170bc13f0,0.26593074,0.6271314
NodeBB__NodeBB-0c81642997ea1d827dbd02c311db9d4976112cd4,0.86891216,0.62405634
NodeBB__NodeBB-0e07f3c9bace416cbab078a30eae972868c0a8a3,3.3478239,1.11344
NodeBB__NodeBB-0f788b8eaa4bba3c142d171fd941d015c53b65fc,2.4099889,0.8592969
NodeBB__NodeBB-1ea9481af6125ffd6da0592ed439aa62af0bca11,1.6422668,0.79394346
NodeBB__NodeBB-22368b996ee0e5f11a5189b400b33af3cc8d925a,0.1027634,0.61104774
NodeBB__NodeBB-2657804c1fb6b84dc76ad3b18ecf061aaab5f29f,2.2792723,0.8017566
NodeBB__NodeBB-397835a05a8e2897324e566b41c5e616e172b4af,-0.42691517,0.61311245
NodeBB__NodeBB-3c85b944e30a0ba8b3ec9e1f441c74f383625a15,0.42490068,0.5908416
NodeBB__NodeBB-4327a09d76f10a79109da9d91c22120428d3bdb9,-2.5953867,0.8384242
NodeBB__NodeBB-51d8f3b195bddb13a13ddc0de110722774d9bb1b,1.652265,0.83693033
NodeBB__NodeBB-6489e9fd9ed16ea743cc5627f4d86c72fbdb3a8a,0.7837533,0.6529732
NodeBB__NodeBB-6ea3b51f128dd270281db576a1b59270d5e45db0,0.12891811,0.64836025
NodeBB__NodeBB-70b4a0e2aebebe8f2f559de6680093d96a697b2f,-0.43776146,0.6467181
NodeBB__NodeBB-767973717be700f46f06f3e7f4fc550c63509046,1.2256219,0.64056236
NodeBB__NodeBB-76c6e30282906ac664f2c9278fc90999b27b1f48,-0.39773485,0.720209
NodeBB__NodeBB-7b8bffd763e2155cf88f3ebc258fa68ebe18188d,0.02570277,0.66213936
NodeBB__NodeBB-82562bec444940608052f3e4149e0c61ec80bf3f,0.39538094,0.5751672
NodeBB__NodeBB-84e065752f6d7fbe5c08cbf50cb173ffb866b8fa,0.74448633,0.6991865
NodeBB__NodeBB-8ca65b0c78c67c1653487c02d1135e1b702185e1,1.2002256,0.6408132
NodeBB__NodeBB-97c8569a798075c50e93e585ac741ab55cb7c28b,1.6558188,0.86634386
NodeBB__NodeBB-a5afad27e52fd336163063ba40dcadc80233ae10,2.4153774,0.84944427
NodeBB__NodeBB-b1f9ad5534bb3a44dab5364f659876a4b7fe34c1,-0.8729625,0.5945177
NodeBB__NodeBB-b398321a5eb913666f903a794219833926881a8f,0.8266691,0.58758634
NodeBB__NodeBB-bad15643013ca15affe408b75eba9e47cc604bb2,0.36044896,0.5899199
NodeBB__NodeBB-bd80d36e0dcf78cd4360791a82966078b3a07712,0.32748345,0.6328366
NodeBB__NodeBB-cfc237c2b79d8c731bbfc6cadf977ed530bfd57a,0.8305069,0.65079635
NodeBB__NodeBB-da0211b1a001d45d73b4c84c6417a4f1b0312575,0.74225026,0.6595352
NodeBB__NodeBB-eb49a64974ca844bca061744fb3383f5d13b02ad,1.7250755,0.6874949
NodeBB__NodeBB-f083cd559d69c16481376868c8da65172729c0ca,-0.8425773,0.71173114
NodeBB__NodeBB-f48ed3658aab7be0f1165d4c1f89af48d7865189,1.7677895,0.72082007
NodeBB__NodeBB-f9ce92df988db7c1ae55d9ef96d247d27478bc70,-0.8097769,0.6070329
adaptive-rejection-sampler,0.076360844,0.29550654
ansible__ansible-0ea40e09d1b35bcb69ff4d9cecf3d0defa4b36e8,-2.6363041,0.93443984
ansible__ansible-0fd88717c953b92ed8a50495d55e630eb5d59166,1.2143446,0.6841468
ansible__ansible-106909db8b730480615f4a33de0eb5b710944e78,0.34037384,0.62982124
ansible__ansible-12734fa21c08a0ce8c84e533abdc560db2eb1955,-2.5201232,0.92115253
ansible__ansible-164881d871964aa64e0f911d03ae270acbad253c,-0.32017493,0.6822213
ansible__ansible-185d41031660a676c43fbb781cd1335902024bfe,0.33645478,0.60224503
ansible__ansible-189fcb37f973f0b1d52b555728208eeb9a6fce83,-0.37471694,0.6136935
ansible__ansible-1a4644ff15355fd696ac5b9d074a566a80fe7ca3,-1.83076,0.81773734
ansible__ansible-1b70260d5aa2f6c9782fd2b848e8d16566e50d85,1.173032,0.7584453
ansible__ansible-1ee70fc272aff6bf3415357c6e13c5de5b928d9b,-3.5617154,1.2123837
ansible__ansible-29aea9ff3466e4cd2ed00524b9e56738d568ce8b,0.8183534,0.6133751
ansible__ansible-34db57a47f875d11c4068567b9ec7ace174ec4cf,0.31599894,0.5596868
ansible__ansible-379058e10f3dbc0fdcaf80394bd09b18927e7d33,-0.74089354,0.6346777
ansible__ansible-395e5e20fab9cad517243372fa3c3c5d9e09ab2a,-0.59483415,0.6406786
ansible__ansible-39bd8b99ec8c6624207bf3556ac7f9626dad9173,1.688511,0.8260168
ansible__ansible-3b823d908e8a5d17674f8c26d337d3114b7493b1,-1.8147002,0.74001014
ansible__ansible-3db08adbb1cc6aa9941be5e0fc810132c6e1fa4b,0.39106044,0.63881755
ansible__ansible-415e08c2970757472314e515cb63a51ad825c45e,-0.8177746,0.68873286
ansible__ansible-42355d181a11b51ebfc56f6f4b3d9c74e01cb13b,-0.071423516,0.64771724
ansible__ansible-489156378c8e97374a75a544c7c9c2c0dd8146d1,-0.37057474,0.6688026
ansible__ansible-502270c804c33d3bc963930dc85e0f4ca359674d,-0.006529104,0.65805393
ansible__ansible-5260527c4a71bfed99d803e687dd19619423b134,0.39839178,0.63115776
ansible__ansible-5640093f1ca63fd6af231cc8a7fb7d40e1907b8c,2.372718,0.864654
ansible__ansible-5c225dc0f5bfa677addeac100a8018df3f3a9db1,-2.5296535,0.92784095
ansible__ansible-5d253a13807e884b7ce0b6b57a963a45e2f0322c,0.011650214,0.5870362
ansible__ansible-5e369604e1930b1a2e071fecd7ec5276ebd12cb1,1.2684555,0.75153774
ansible__ansible-5e88cd9972f10b66dd97e1ee684c910c6a2dd25e,1.4611124,0.81280273
ansible__ansible-5f4e332e3762999d94af27746db29ff1729252c1,-2.6030881,0.93831843
ansible__ansible-622a493ae03bd5e5cf517d336fc426e9d12208c7,0.7850443,0.6625645
ansible__ansible-6cc97447aac5816745278f3735af128afb255c81,3.4155965,1.1723425
ansible__ansible-709484969c8a4ffd74b839a673431a8c5caa6457,1.5771314,0.7855081
ansible__ansible-748f534312f2073a25a87871f5bd05882891b8c4,-1.8361734,0.73458046
ansible__ansible-77658704217d5f166404fc67997203c25381cb6e,0.7238484,0.6642101
ansible__ansible-811093f0225caa4dd33890933150a81c6a6d5226,0.06350103,0.5838312
ansible__ansible-8127abbc298cabf04aaa89a478fc5e5e3432a6fc,2.3381476,0.8773234
ansible__ansible-9142be2f6cabbe6597c9254c5bb9186d17036d55,2.4643776,0.85381615
ansible__ansible-942424e10b2095a173dbd78e7128f52f7995849b,2.3653476,0.81195396
ansible__ansible-9759e0ca494de1fd5fc2df2c5d11c57adbe6007c,0.40067503,0.6039145
ansible__ansible-984216f52e76b904e5b0fa0fb956ab4f1e0a7751,1.7955623,0.67976
ansible__ansible-9a21e247786ebd294dafafca1105fcd770ff46c6,1.6938435,0.7800027
ansible__ansible-a02e22e902a69aeb465f16bf03f7f5a91b2cb828,1.2014323,0.6650568
ansible__ansible-a1569ea4ca6af5480cf0b7b3135f5e12add28a44,2.4686744,0.81547016
ansible__ansible-a20a52701402a12f91396549df04ac55809f68e9,-0.80243397,0.6306572
ansible__ansible-a26c325bd8f6e2822d9d7e62f77a424c1db4fbf6,0.4276381,0.7705937
ansible__ansible-a6e671db25381ed111bbad0ab3e7d97366395d05,-2.5758052,0.9240281
ansible__ansible-a7d2a4e03209cff1e97e59fd54bb2b05fdbdbec6,-0.42709145,0.6078863
ansible__ansible-b2a289dcbb702003377221e25f62c8a3608f0e89,-0.7569545,0.6986497
ansible__ansible-b5e0293645570f3f404ad1dbbe5f006956ada0df,1.2071466,0.6596878
ansible__ansible-b8025ac160146319d2b875be3366b60c852dd35d,1.2646878,0.7604379
ansible__ansible-be2c376ab87e3e872ca21697508f12c6909cf85a,0.40720308,0.6162652
ansible__ansible-be59caa59bf47ca78a4760eb7ff38568372a8260,0.008990347,0.61981994
ansible__ansible-bf98f031f3f5af31a2d78dc2f0a58fe92ebae0bb,3.2220664,1.1658369
ansible__ansible-cb94c0cc550df9e98f1247bc71d8c2b861c75049,-0.35187763,0.6772566
ansible__ansible-cd9c4eb5a6b2bfaf4a6709f001ce3d0c92c1eed2,1.1555957,0.6265823
ansible__ansible-d2f80991180337e2be23d6883064a67dcbaeb662,3.340645,1.0663744
ansible__ansible-d30fc6c0b359f631130b0e979d9a78a7b3747d48,1.7043712,0.706924
ansible__ansible-d62496fe416623e88b90139dc7917080cb04ce70,1.2367624,0.70737255
ansible__ansible-d6d2251929c84c3aa883bad7db0f19cc9ff0339e,1.1894214,0.7220283
ansible__ansible-d9f1866249756efc264b00ff7497e92c11a9885f,-1.7660279,0.8575891
ansible__ansible-de01db08d00c8d2438e1ba5989c313ba16a145b0,0.42792985,0.6126034
ansible__ansible-deb54e4c5b32a346f1f0b0a14f1c713d2cc2e961,0.76264864,0.6241549
ansible__ansible-e0c91af45fa9af575d10fd3e724ebc59d2b2d6ac,-1.7581743,0.83022267
ansible__ansible-e22e103cdf8edc56ff7d9b848a58f94f1471a263,-0.38509706,0.7073055
ansible__ansible-e9e6001263f51103e96e58ad382660df0f3d0e39,-0.3805703,0.66123754
ansible__ansible-ea04e0048dbb3b63f876aad7020e1de8eee9f362,0.05832716,0.63817066
ansible__ansible-ed6581e4db2f1bec5a772213c3e186081adc162d,-1.2250112,0.6824278
ansible__ansible-f327e65d11bb905ed9f15996024f857a95592629,0.71228117,0.6102312
ansible__ansible-f8ef34672b961a95ec7282643679492862c688ec,0.26891273,0.6745229
ansible__ansible-fb144c44144f8bd3542e71f5db62b6d322c7bd85,0.7887003,0.63766164
astropy__astropy-12907,-0.36748144,0.3896827
astropy__astropy-13236,3.7423863,0.79085714
astropy__astropy-13453,-0.26156622,0.35695392
astropy__astropy-13579,-0.71054864,0.37268513
astropy__astropy-14096,-0.0711232,0.36971185
astropy__astropy-14182,3.150227,0.64775246
astropy__astropy-14309,-3.8643608,0.60167307
astropy__astropy-14365,3.681066,0.7661752
astropy__astropy-14369,2.7186506,0.57906616
astropy__astropy-14508,-0.34841228,0.3430306
astropy__astropy-14539,-1.4153489,0.42253965
astropy__astropy-14598,3.716994,0.7501802
astropy__astropy-14995,-2.1690335,0.5155575
astropy__astropy-7166,-2.176259,0.447149
astropy__astropy-7336,-2.9908526,0.5131066
astropy__astropy-7606,3.1405604,0.6657898
astropy__astropy-7671,-3.3655348,0.49677435
bn-fit-modify,-0.080186024,0.28634685
break-filter-js-from-html,1.8388383,0.27199528
build-cython-ext,1.2273183,0.30657235
build-pmars,-2.1085289,0.48904496
build-pov-ray,-0.48544815,0.32700658
caffe-cifar-10,4.0501204,0.4873032
cancel-async-tasks,-0.31633553,0.2951151
chess-best-move,3.8370125,0.38603285
circuit-fibsqrt,2.120965,0.3009803
cobol-modernization,-3.0004003,0.67171544
code-from-image,-1.4577848,0.37463802
compile-compcert,0.6159325,0.30031857
configure-git-webserver,-0.70558304,0.34426388
constraints-scheduling,-3.876315,0.72482395
count-dataset-tokens,0.5598772,0.2586927
crack-7z-hash,-0.62912905,0.35397545
custom-memory-heap-crash,-1.4341681,0.3990109
db-wal-recovery,2.8165784,0.3205557
distribution-search,-1.365186,0.38194385
django__django-10097,0.60447127,0.38383788
django__django-10880,-1.1012493,0.37993136
django__django-10914,-3.4843242,0.57504106
django__django-10973,-1.7947888,0.4091537
django__django-11066,-4.5999575,0.56273144
django__django-11095,-2.5772984,0.45911065
django__django-11099,-4.7000537,0.6369941
django__django-11119,-4.165996,0.63585466
django__django-11133,-3.8322315,0.61812705
django__django-11138,3.7430556,0.663423
django__django-11141,2.7573454,0.57927215
django__django-11149,2.0823557,0.5486369
django__django-11163,-3.6228728,0.49246582
django__django-11179,-1.9643905,0.43247047
django__django-11206,0.8391301,0.3811344
django__django-11211,-0.57815677,0.3560736
django__django-11239,1.3116577,0.437104
django__django-11265,0.98962426,0.38996202
django__django-11276,-2.1599324,0.42698246
django__django-11292,-1.622852,0.45453095
django__django-11299,-0.06122246,0.4160033
django__django-11333,0.2322071,0.42791113
django__django-11433,3.8460922,0.6736455
django__django-11451,-1.3240746,0.39181402
django__django-11490,1.1881421,0.4265162
django__django-11532,0.83583134,0.45122036
django__django-11551,-3.0502365,0.4664123
django__django-11555,0.99771076,0.3836526
django__django-11603,-3.2832778,0.5292225
django__django-11728,3.1991508,0.61875635
django__django-11740,-0.41197762,0.393735
django__django-11749,-0.49754354,0.35361037
django__django-11790,1.7319064,0.46092373
django__django-11815,-0.97095966,0.41346365
django__django-11820,3.6900773,0.7948573
django__django-11848,1.9424299,0.457214
django__django-11880,-3.564913,0.56761104
django__django-11885,2.4568977,0.4914311
django__django-11951,-1.8772472,0.4164371
django__django-11964,2.1733866,0.5130464
django__django-11999,-1.7847718,0.43725643
django__django-12039,0.41399854,0.36353225
django__django-12050,-2.1692472,0.41768917
django__django-12125,0.5448738,0.43537533
django__django-12143,-3.8321662,0.5354839
django__django-12155,-4.56956,0.6644264
django__django-12193,0.10641483,0.3563072
django__django-12209,-1.5919907,0.42517236
django__django-12262,-0.715796,0.44750178
django__django-12273,3.176003,0.69666755
django__django-12276,-1.9188012,0.39316574
django__django-12304,-0.6882314,0.4016362
django__django-12308,1.7077222,0.42212212
django__django-12325,3.7225835,0.69594806
django__django-12419,-3.829607,0.4963982
django__django-12663,0.63878065,0.429891
django__django-12708,-0.84322643,0.3455077
django__django-12713,-2.5540662,0.448204
django__django-12741,-1.461392,0.43526232
django__django-12754,0.5499819,0.36282936
django__django-12774,0.6601,0.3600059
django__django-12858,-0.7154115,0.37662432
django__django-12965,0.97756815,0.41365436
django__django-13012,-0.4236018,0.42127633
django__django-13023,-0.02624046,0.41840068
django__django-13028,-0.78761107,0.45369366
django__django-13033,-4.8486213e-06,0.3802942
django__django-13089,-3.8825588,0.5301985
django__django-13109,-3.5509348,0.5122758
django__django-13112,0.9811134,0.39500225
django__django-13121,0.62078965,0.3770854
django__django-13128,1.024625,0.46480912
django__django-13158,0.13543478,0.34487543
django__django-13195,3.613908,0.8434845
django__django-13279,-0.4454713,0.38072854
django__django-13297,0.32987702,0.38868767
django__django-13315,-0.63995975,0.39863384
django__django-13343,-1.2518891,0.44758397
django__django-13346,1.0080171,0.39690968
django__django-13363,-3.081289,0.49895093
django__django-13401,-0.88942164,0.36435857
django__django-13406,-0.009299196,0.43749526
django__django-13410,-3.5788612,0.49004108
django__django-13417,-2.2594557,0.45665702
django__django-13449,-0.27433363,0.37624922
django__django-13512,0.7671672,0.46050388
django__django-13516,-1.9134971,0.4447272
django__django-13551,0.5928287,0.38040903
django__django-13568,0.6906202,0.3863447
django__django-13569,-1.1278813,0.3853881
django__django-13590,-0.7919956,0.3890947
django__django-13658,-5.100034,0.67346346
django__django-13670,-3.2926908,0.5097664
django__django-13741,-4.142876,0.59413797
django__django-13786,-2.7383447,0.46481773
django__django-13794,2.726215,0.61260295
django__django-13807,1.5287336,0.43173704
django__django-13809,-2.0080452,0.47275218
django__django-13810,-1.4318308,0.4046993
django__django-13820,-3.3012128,0.56077975
django__django-13821,-3.0272772,0.44987372
django__django-13837,-1.6196935,0.44974008
django__django-13925,1.005427,0.36388835
django__django-13933,-1.9447719,0.3885368
django__django-13964,0.6621221,0.3974172
django__django-14007,-0.5964308,0.38865596
django__django-14017,-0.7619913,0.37015152
django__django-14053,-1.8320781,0.39528936
django__django-14089,-3.9414618,0.5998589
django__django-14122,-0.038722143,0.437772
django__django-14140,0.941067,0.41603366
django__django-14238,-2.352545,0.42177683
django__django-14311,0.834304,0.41708708
django__django-14315,3.6737545,0.8371386
django__django-14349,-2.1559076,0.45224056
django__django-14351,-0.10019749,0.40547103
django__django-14373,-4.553307,0.6702719
django__django-14376,1.6521748,0.4653768
django__django-14404,1.8805809,0.50069577
django__django-14434,-0.92408323,0.37609705
django__django-14493,-1.5583887,0.38511413
django__django-14500,-1.0747826,0.37205532
django__django-14534,2.6985385,0.6042751
django__django-14539,-1.6536777,0.41412708
django__django-14559,-1.4828402,0.40149236
django__django-14580,-0.22863157,0.4121493
django__django-14608,-1.5378617,0.41051817
django__django-14631,0.8184408,0.38882706
django__django-14672,-2.303443,0.44601813
django__django-14725,2.7341645,0.6207087
django__django-14752,-3.24851,0.526771
django__django-14765,-3.8507354,0.5273724
django__django-14771,0.21580836,0.39619154
django__django-14787,-1.2738444,0.40490806
django__django-14792,3.8005579,0.7696683
django__django-14855,-3.6545622,0.5537868
django__django-14915,-3.0286124,0.56027436
django__django-14999,-0.66023606,0.39654335
django__django-15022,-0.12688941,0.38680655
django__django-15037,0.6135876,0.38145548
django__django-15103,-0.92409325,0.43747684
django__django-15104,-4.136298,0.58660334
django__django-15127,1.7877511,0.49942464
django__django-15128,0.7802517,0.43596917
django__django-15161,0.032436166,0.40129024
django__django-15268,0.15560585,0.36143696
django__django-15277,-3.9011106,0.5485398
django__django-15278,-1.4204605,0.383036
django__django-15280,3.1758928,0.60311586
django__django-15315,-2.8149757,0.44717178
django__django-15368,-3.0581765,0.49203384
django__django-15375,0.7024733,0.4065591
django__django-15380,-1.2734454,0.40488473
django__django-15382,-0.3737939,0.3615486
django__django-15467,-4.0783863,0.5484064
django__django-15499,-2.1585727,0.46233478
django__django-15503,1.7169702,0.4379785
django__django-15525,-0.42752215,0.3312762
django__django-15554,2.100378,0.4774513
django__django-15561,-1.3130518,0.38487774
django__django-15563,2.5426812,0.6099847
django__django-15569,-3.3063986,0.561393
django__django-15572,-1.9292365,0.4295215
django__django-15695,2.4538963,0.5584009
django__django-15731,-3.381344,0.5478266
django__django-15732,2.4301789,0.5562612
django__django-15741,-3.0879571,0.5278077
django__django-15814,-1.1045419,0.44985634
django__django-15851,-2.6094337,0.46159565
django__django-15863,-1.3956169,0.4432881
django__django-15916,1.5363957,0.3879978
django__django-15930,0.06911452,0.36259457
django__django-15957,3.7213676,0.76900095
django__django-15987,-0.9016955,0.4092049
django__django-16032,0.17838447,0.3772175
django__django-16082,-0.99625415,0.39016536
django__django-16100,-0.9106116,0.3788713
django__django-16116,-1.9466568,0.41439953
django__django-16136,-1.2205485,0.41606522
django__django-16139,-3.4743483,0.5582088
django__django-16145,-2.2969398,0.43010226
django__django-16255,-4.2353754,0.60671055
django__django-16315,0.62963885,0.40578306
django__django-16333,-3.2354395,0.5599109
django__django-16429,-3.5653787,0.5583707
django__django-16454,1.8146304,0.52509177
django__django-16485,-2.3383584,0.46224776
django__django-16493,-2.5682678,0.46225604
django__django-16527,-4.523515,0.6345478
django__django-16560,1.1282151,0.44982544
django__django-16569,-5.4503236,0.7199037
django__django-16595,-3.2972267,0.50293726
django__django-16612,-2.4678643,0.46940026
django__django-16642,-0.17663583,0.38768163
django__django-16661,-0.41588077,0.38043216
django__django-16662,-2.749919,0.4270942
django__django-16801,-3.598066,0.5096621
django__django-16819,-1.5570776,0.44409165
django__django-16877,0.773085,0.46746743
django__django-16899,-1.399679,0.43494985
django__django-16901,-1.029555,0.39541072
django__django-16938,2.1741984,0.49269345
django__django-16950,3.6731396,0.7564974
django__django-17029,-3.221867,0.50015193
django__django-17084,0.92613137,0.44040194
django__django-17087,-0.7816204,0.36483377
django__django-7530,-1.2051244,0.4114747
django__django-9296,-3.894477,0.5353567
dna-assembly,4.215935,0.4765189
dna-insert,3.8369634,0.40479776
element-hq__element-web-18c03daa865d3c5b10e52b669cd50be34c67b2e5,-0.76901585,0.65094167
element-hq__element-web-27139ca68eb075a4438c18fca184887002a4ffbc,-0.8614692,0.6293172
element-hq__element-web-33e8edb3d508d6eefb354819ca693b7accc695e7,-0.7361443,0.6460073
element-hq__element-web-404c412bcb694f04ba0c4d5479541203d701bca0,1.2377864,0.666937
element-hq__element-web-41dfec20bfe9b62cddbbbf621bef2e9aa9685157,1.6524545,0.6608532
element-hq__element-web-494d9de6f0a94ffb491e74744d2735bce02dc0ab,0.39410648,0.6938195
element-hq__element-web-4c6b0d35add7ae8d58f71ea1711587e31081444b,0.8231978,0.60412586
element-hq__element-web-53b42e321777a598aaf2bb3eab22d710569f83a8,0.009364527,0.57848877
element-hq__element-web-582a1b093fc0b77538052f45cbb9c7295f991b51,1.6765491,0.72693926
element-hq__element-web-5e8488c2838ff4268f39db4a8cca7d74eecf5a7e,0.80693483,0.68255717
element-hq__element-web-6205c70462e0ce2e1e77afb3a70b55d0fdfe1b31,-0.43962577,0.61208344
element-hq__element-web-6961c256035bed0b7640a6e5907652c806968478,-0.8963103,0.7085023
element-hq__element-web-71fe08ea0f159ccb707904d87f0a4aef205a167c,1.7395017,0.730257
element-hq__element-web-72a8f8f03b1a01bb70ef8a5bb61759416991b32c,0.84077895,0.6344689
element-hq__element-web-772df3021201d9c73835a626df8dcb6334ad9a3e,2.3892198,0.8354029
element-hq__element-web-7c63d52500e145d6fff6de41dd717f61ab88d02f,1.1407255,0.64890355
element-hq__element-web-880428ab94c6ea98d3d18dcaeb17e8767adcb461,1.276853,0.60155946
element-hq__element-web-8f3c8b35153d2227af45f32e46bd1e15bd60b71f,2.2952712,0.91146904
element-hq__element-web-923ad4323b2006b2b180544429455ffe7d4a6cc3,-0.026633414,0.6318802
element-hq__element-web-9a31cd0fa849da810b4fac6c6c015145e850b282,2.3475802,0.89749575
element-hq__element-web-9bf77963ee5e036d54b2a3ca202fbf6378464a5e,0.71077234,0.61968297
element-hq__element-web-a692fe21811f88d92e8f7047fc615e4f1f986b0f,1.1257329,0.7289552
element-hq__element-web-ad26925bb6628260cfe0fcf90ec0a8cba381f4a4,3.2328784,1.1105369
element-hq__element-web-b7fea97bb68c6628a644580076f840109132f074,0.70080036,0.71475977
element-hq__element-web-ca58617cee8aa91c93553449bfdf9b3465a5119b,2.3951647,0.87736654
element-hq__element-web-ca8b1b04effb4fec0e1dd3de8e3198eeb364d50e,-0.5153897,0.6216843
element-hq__element-web-ce554276db97b9969073369fefa4950ca8e54f84,0.7470963,0.5918107
element-hq__element-web-d06cf09bf0b3d4a0fbe6bd32e4115caea2083168,1.6771511,0.79828525
element-hq__element-web-d405160080bbe804f7e9294067d004a7d4dad9d6,1.6882291,0.80604315
element-hq__element-web-dae13ac8522fc6d41e64d1ac6e3174486fdcce0c,1.7274188,0.6940651
element-hq__element-web-ee13e23b156fbad9369d6a656c827b6444343d4f,-0.46007738,0.70221937
element-hq__element-web-f0359a5c180b8fec4329c77adcf967c8d3b7b787,0.69815105,0.5959013
element-hq__element-web-f14374a51c153f64f313243f2df6ea4971db4e15,1.2463698,0.70429534
element-hq__element-web-f3534b42df3dcfe36dc48bddbf14034085af6d30,1.2209368,0.65082246
element-hq__element-web-f63160f38459fb552d00fcc60d4064977a9095a6,2.4090462,0.91040504
extract-elf,-0.72631395,0.32436565
extract-moves-from-video,5.063978,0.6059453
feal-differential-cryptanalysis,1.4069033,0.29125777
feal-linear-cryptanalysis,2.0079427,0.28291428
financial-document-processor,1.8561854,0.27298173
fix-code-vulnerability,-0.59425795,0.330708
fix-git,-3.3687942,0.6257331
fix-ocaml-gc,-0.36047018,0.35788456
flipt-io__flipt-0b119520afca1cf25c470ff4288c464d4510b944,-0.4597902,0.6735864
flipt-io__flipt-15b76cada1ef29cfa56b0fba36754be36243dded,-0.3712,0.6456251
flipt-io__flipt-1dceb5edf3fa8f39495b939ef9cc0c3dd38fa17d,-0.48584265,0.6789146
flipt-io__flipt-21a935ad7886cc50c46852be21b37f363a926af0,0.9007788,0.6568743
flipt-io__flipt-29d3f9db40c83434d0e3cc082af8baec64c391a9,-0.024895627,0.62591493
flipt-io__flipt-2eac0df47b5ecc8bb05002d80383ceb08ab3620a,-0.39550224,0.6679457
flipt-io__flipt-3b2c25ee8a3ac247c3fad13ad8d64ace34ec8ee7,1.758331,0.6829457
flipt-io__flipt-3ef34d1fff012140ba86ab3cafec8f9934b492be,1.2300023,0.66418254
flipt-io__flipt-507170da0f7f4da330f6732bffdf11c4df7fc192,1.3118967,0.67519647
flipt-io__flipt-5aef5a14890aa145c22d864a834694bae3a6f112,0.37219873,0.6115886
flipt-io__flipt-5ffba3406a7993d97ced4cc13658bee66150fcca,-1.7946507,0.806529
flipt-io__flipt-6fe76d024ee0c50ddb09c86f4ae0bd4c208fd65f,0.3565824,0.63083184
flipt-io__flipt-7161f7b876773a911afdd804b281e52681cb7321,0.0071975044,0.64822197
flipt-io__flipt-72d06db14d58692bfb4d07b1aa745a37b35956f3,1.6993066,0.7547605
flipt-io__flipt-8bd3604dc54b681f1f0f7dd52cbc70b3024184b6,2.449056,0.80994964
flipt-io__flipt-967855b429f749c28c112b8cb1b15bc79157f973,2.2985384,0.8150148
flipt-io__flipt-abaa5953795afb9c621605bb18cb32ac48b4508c,0.76199365,0.6990906
flipt-io__flipt-aebaecd026f752b187f11328b0d464761b15d2ab,-1.2081643,0.67309624
flipt-io__flipt-b2170346dc37cf42fda1386cd630f24821ad2ac5,-0.42433226,0.6574706
flipt-io__flipt-b22f5f02e40b225b6b93fff472914973422e97c6,0.7380915,0.64843994
flipt-io__flipt-b2393f07d893024ab1e47ea2081e0289e1f9d56f,0.8485337,0.6432892
flipt-io__flipt-b433bd05ce405837804693bebd5f4b88d87133c8,2.370324,0.870838
flipt-io__flipt-b4bb5e13006a729bc0eed8fe6ea18cff54acdacb,0.41656813,0.77227277
flipt-io__flipt-b68b8960b8a08540d5198d78c665a7eb0bea4008,1.754556,0.81806624
flipt-io__flipt-b6cef5cdc0daff3ee99e5974ed60a1dc6b4b0d67,2.3640287,0.8959596
flipt-io__flipt-c12967bc73fdf02054cf3ef8498c05e25f0a18c0,-0.7183199,0.6686983
flipt-io__flipt-c154dd1a3590954dfd3b901555fc6267f646a289,1.2734067,0.69737643
flipt-io__flipt-cf06f4ebfab7fa21eed3e5838592e8e44566957f,0.3208123,0.6533682
flipt-io__flipt-d966559200183b713cdf3ea5007a7e0ba86a5afb,0.07496426,0.67653316
flipt-io__flipt-dae029cba7cdb98dfb1a6b416c00d324241e6063,1.7286968,0.7716177
flipt-io__flipt-db1c3b100e231c62f0c90c2ab037614f20a2a63b,0.018920166,0.6392805
flipt-io__flipt-dbe263961b187e1c5d7fe34c65b000985a2da5a0,0.37921017,0.65664494
flipt-io__flipt-e42da21a07a5ae35835ec54f74004ebd58713874,1.2453173,0.6253375
flipt-io__flipt-e5fe37c379e1eec2dd3492c5737c0be761050b26,0.41504616,0.59782606
flipt-io__flipt-e88e93990e3ec1e7697754b423decc510d5dd5fe,0.8528868,0.55876094
flipt-io__flipt-f743945d599b178293e89e784b3b2374b1026430,1.1654507,0.65221137
future-architect__vuls-01441351c3407abfc21c48a38e28828e1b504e0c,1.6836848,0.7351738
future-architect__vuls-139f3a81b66c47e6d8f70ce6c4afe7a9196a6ea8,1.2368661,0.63407254
future-architect__vuls-17ae386d1e185ba742eea4668ca77642e22b54c4,0.737529,0.6265708
future-architect__vuls-2923cbc645fbc7a37d50398eb2ab8febda8c3264,1.1921614,0.66144687
future-architect__vuls-2c84be80b65d022c262956cd26fc79d8bb2f7010,1.6735053,0.72691613
future-architect__vuls-36456cb151894964ba1683ce7da5c35ada789970,-1.3265032,0.7426229
future-architect__vuls-407407d306e9431d6aa0ab566baa6e44e5ba2904,2.3357978,0.8816674
future-architect__vuls-436341a4a522dc83eb8bddd1164b764c8dd6bc45,1.2628487,0.66631675
future-architect__vuls-457a3a9627fb9a0800d0aecf1d4713fb634a9011,1.1810212,0.6622292
future-architect__vuls-4a72295de7b91faa59d90a5bee91535bbe76755d,1.7176514,0.7280248
future-architect__vuls-4b680b996061044e93ef5977a081661665d3360a,1.6792272,0.6388238
future-architect__vuls-50580f6e98eeb36f53f27222f7f4fdfea0b21e8d,2.2743666,0.8913704
future-architect__vuls-54e73c2f5466ef5daec3fb30922b9ac654e4ed25,1.3783191,0.67015857
future-architect__vuls-6682232b5c8a9d08c0e9f15bd90d41bff3875adc,0.32759014,0.63084817
future-architect__vuls-73f0adad95c4d227e2ccfa876c85cc95dd065e13,-0.07497089,0.7019026
future-architect__vuls-7eb77f5b5127c847481bcf600b4dca2b7a85cf3e,1.1391969,0.70316225
future-architect__vuls-8659668177f1feb65963db7a967347a79c5f9c40,0.78824145,0.63313407
future-architect__vuls-8d5ea98e50cf616847f4e5a2df300395d1f719e9,2.4099576,0.8000426
future-architect__vuls-999529a05b202b0fd29c6fca5039a4c47a3766bb,1.6357417,0.7005014
future-architect__vuls-9a32a94806b54141b7ff12503c48da680ebcf199,-0.84624565,0.67234725
future-architect__vuls-9aa0d87a21bede91c2b45c32187456bb69455e92,0.017731654,0.62852114
future-architect__vuls-a76302c11174ca081f656c63a000ffa746e350af,0.75333744,0.6710488
future-architect__vuls-aaea15e516ece43978cf98e09e52080478b1d39f,1.132473,0.7118199
future-architect__vuls-abd80417728b16c6502067914d27989ee575f0ee,2.237322,0.95883125
future-architect__vuls-b8db2e0b74f60cb7d45f710f255e061f054b6afc,-0.84472877,0.6804949
future-architect__vuls-be7b9114cc9545e68fb0ee7bc63d7ec53d1a00ad,-0.4191956,0.6146226
future-architect__vuls-c11ba27509f733d7d280bdf661cbbe2e7a99df4c,1.7668577,0.7580305
future-architect__vuls-cc63a0eccfdd318e67c0a6edeffc7bf09b6025c0,0.3773915,0.6860892
future-architect__vuls-d576b6c6c15e56c47cc3e26f5878867677d4a9ea,-0.82637334,0.67572606
future-architect__vuls-dc496468b9e9fb73371f9606cdcdb0f8e12e70ca,-1.2880479,0.7370002
future-architect__vuls-e049df50fa1eecdccc5348e27845b5c783ed7c76,0.6966999,0.61711115
future-architect__vuls-e1df74cbc1a1d1889428b3333a3b2405c4651993,-2.6092355,0.94719946
future-architect__vuls-e3c27e1817d68248043bd09d63cc31f3344a6f2c,2.2543762,0.83136654
future-architect__vuls-e4728e388120b311c4ed469e4f942e0347a2689b,1.2575494,0.63619244
future-architect__vuls-e52fa8d6ed1d23e36f2a86e5d3efe9aa057a1b0d,-1.2410429,0.7259895
future-architect__vuls-edb324c3d9ec3b107bf947f00e38af99d05b3e16,1.2078211,0.6155424
future-architect__vuls-f0b3a8b1db98eb1bd32685f1c36c41a99c3452ed,-0.0521033,0.6213413
future-architect__vuls-f6509a537660ea2bce0e57958db762edd3a36702,1.7091186,0.7755047
future-architect__vuls-f6cc8c263dc00329786fa516049c60d4779c4a07,1.7836255,0.72979116
future-architect__vuls-fe8d252c51114e922e6836055ef86a15f79ad042,0.825491,0.6385205
gcode-to-text,4.404355,0.53679734
git-leak-recovery,-2.6566803,0.54707766
git-multibranch,-1.9231166,0.4501917
gravitational__teleport-02d1efb8560a1aa1c72cfb1c08edd8b84a9511b4,1.747081,0.76461786
gravitational__teleport-0415e422f12454db0c22316cf3eaa5088d6b6322,1.7115247,0.69928765
gravitational__teleport-0cb341c926713bdfcbb490c69659a9b101df99eb,2.3848314,0.7821132
gravitational__teleport-0ecf31de0e98b272a6a2610abe1bbedd379a38a3,0.8990383,0.5637737
gravitational__teleport-10123c046e21e1826098e485a4c2212865a49d9f,2.422604,0.923517
gravitational__teleport-1a77b7945a022ab86858029d30ac7ad0d5239d00,1.1732736,0.6918588
gravitational__teleport-1b08e7d0dbe68fe530a0f08ad408ec198b7c53fc,0.8337991,0.55123115
gravitational__teleport-24cafecd8721891092210afc55f6413ab46ca211,0.7585937,0.69057375
gravitational__teleport-288c5519ce0dec9622361a5e5d6cd36aa2d9e348,1.2329433,0.65995115
gravitational__teleport-2be514d3c33b0ae9188e11ac9975485c853d98bb,0.79558206,0.62067825
gravitational__teleport-326fd1d7be87b03998dbc53bc706fdef90f5065c,2.35358,0.8067243
gravitational__teleport-32bcd71591c234f0d8b091ec01f1f5cbfdc0f13c,0.39174318,0.63009745
gravitational__teleport-3587cca7840f636489449113969a5066025dd5bf,1.6097814,0.70831245
gravitational__teleport-37c3724d0d6637e959e39408ee351565d73afe71,-0.047310986,0.63275015
gravitational__teleport-3a5c1e26394df2cb4fb3f01147fb9979662972c5,-0.28658354,0.6118167
gravitational__teleport-3ff19cf7c41f396ae468797d3aeb61515517edc9,0.43190217,0.59673876
gravitational__teleport-3ff75e29fb2153a2637fe7f83e49dc04b1c99c9f,1.1394262,0.6782836
gravitational__teleport-46a13210519461c7cec8d643bfbe750265775b41,1.0778857,0.6999329
gravitational__teleport-47530e1fd8bfb84ec096ebcbbc29990f30829655,3.3526156,1.0974497
gravitational__teleport-4f771403dc4177dc26ee0370f7332f3fe54bee0f,2.2654767,0.8302493
gravitational__teleport-53814a2d600ccd74c1e9810a567563432b98386e,1.1145625,0.66116136
gravitational__teleport-59d39dee5a8a66e5b8a18a9085a199d369b1fba8,1.7125707,0.72418976
gravitational__teleport-629dc432eb191ca479588a8c49205debb83e80e2,2.3518991,0.8773226
gravitational__teleport-645afa051b65d137654fd0d2d878a700152b305a,0.723297,0.6170067
gravitational__teleport-65438e6e44b6ce51458d09b7bb028a2797cfb0ea,1.748293,0.72502464
gravitational__teleport-6a14edcf1ff010172fdbac622d0a474ed6af46de,2.269714,0.93128484
gravitational__teleport-73cc189b0e9636d418c4470ecce0d9af5dae2f02,0.41536105,0.6627727
gravitational__teleport-87a593518b6ce94624f6c28516ce38cc30cbea5a,3.3396993,1.0947771
gravitational__teleport-89f0432ad5dc70f1f6a30ec3a8363d548371a718,3.2914155,1.064544
gravitational__teleport-96019ce0be7a2c8e36363f359eb7c943b41dde70,2.3083344,0.8699434
gravitational__teleport-a95b3ae0667f9e4b2404bf61f51113e6d83f01cd,2.2809963,0.82132167
gravitational__teleport-ac2fb2f9b4fd1896b554d3011df23d3d71295779,0.0028553137,0.63333267
gravitational__teleport-ad41b3c15414b28a6cec8c25424a19bfa7abd0e9,1.2430007,0.67372817
gravitational__teleport-af5e2517de7d18406b614e413aca61c319312171,2.3225713,0.8630263
gravitational__teleport-b1bcd8b90c474a35bb11cc3ef4cc8941e1f8eab2,0.78663254,0.6615862
gravitational__teleport-baeb2697c4e4870c9850ff0cd5c7a2d08e1401c9,2.2772517,0.88056934
gravitational__teleport-bb69574e02bd62e5ccd3cebb25e1c992641afb2a,1.7626568,0.65785295
gravitational__teleport-c1b1c6a1541c478d7777a48fca993cc8206c73b9,1.2176954,0.70126015
gravitational__teleport-c335534e02de143508ebebc7341021d7f8656e8f,2.1667523,1.0600953
gravitational__teleport-cb712e3f0b06dadc679f895daef8072cae400c26,0.86872184,0.69535637
gravitational__teleport-e6895d8934f6e484341034869901145fbc025e72,-0.030509725,0.6905365
gravitational__teleport-e6d86299a855687b21970504fbf06f52a8f80c74,1.2107706,0.66966885
gravitational__teleport-eefac60a350930e5f295f94a2d55b94c1988c04e,2.2837255,0.81034166
headless-terminal,-1.6570772,0.36856863
hf-model-inference,-1.6326274,0.39501467
install-windows-3.11,4.6412554,0.5532078
internetarchive__openlibrary-00bec1e7c8f3272c469a58e1377df03f955ed478,-2.4659827,1.00494
internetarchive__openlibrary-03095f2680f7516fca35a58e665bf2a41f006273,2.4228146,0.8258733
internetarchive__openlibrary-08ac40d050a64e1d2646ece4959af0c42bf6b7b5,3.2575636,1.1441815
internetarchive__openlibrary-09865f5fb549694d969f0a8e49b9d204ef1853ca,1.8116603,0.7582344
internetarchive__openlibrary-0d13e6b4bf80bced6c0946b969b9a1b6963f6bce,-1.3825948,0.65446997
internetarchive__openlibrary-0dc5b20fa186f9714f8a838178597e69f549d026,1.6906557,0.700442
internetarchive__openlibrary-111347e9583372e8ef91c82e0612ea437ae3a9c9,2.3313906,0.84742266
internetarchive__openlibrary-123e6e5e1c85b9c07d1e98f70bfc480bc8016890,-0.38063538,0.62312174
internetarchive__openlibrary-1351c59fd43689753de1fca32c78d539a116ffc1,-0.040797267,0.635322
internetarchive__openlibrary-1894cb48d6e7fb498295a5d3ed0596f6f603b784,0.7967413,0.6458575
internetarchive__openlibrary-1be7de788a444f6255e89c10ef6aa608550604a8,0.8250811,0.63704103
internetarchive__openlibrary-25858f9f0c165df25742acf8309ce909773f0cdd,0.7721358,0.70497847
internetarchive__openlibrary-2abe28b472ffed563a87cfe83685b161b35263b0,-1.2426089,0.66558224
internetarchive__openlibrary-2fe532a33635aab7a9bfea5d977f6a72b280a30c,0.4856969,0.72537273
internetarchive__openlibrary-308a35d6999427c02b1dbf5211c033ad3b352556,1.6939332,0.6724082
internetarchive__openlibrary-3aeec6afed9198d734b7ee1293f03ca94ff970e1,-0.32304943,0.61905813
internetarchive__openlibrary-3c48b4bb782189e0858e6c3fc7956046cf3e1cfb,-1.2878903,0.7325582
internetarchive__openlibrary-3f580a5f244c299d936d73d9e327ba873b6401d9,-2.598409,0.9775624
internetarchive__openlibrary-3f7db6bbbcc7c418b3db72d157c6aed1d45b2ccf,2.272731,0.8048786
internetarchive__openlibrary-427f1f4eddfc54735ca451779d4f95bf683d1b0e,0.29989988,0.6034748
internetarchive__openlibrary-431442c92887a3aece3f8aa771dd029738a80eb1,0.0036567461,0.73763883
internetarchive__openlibrary-43f9e7e0d56a4f1d487533543c17040a029ac501,0.66225076,0.65998834
internetarchive__openlibrary-4a5d2a7d24c9e4c11d3069220c0685b736d5ecde,-1.8789029,0.8391273
internetarchive__openlibrary-5069b09e5f64428dce59b33455c8bb17fe577070,0.07402968,0.6559295
internetarchive__openlibrary-53d376b148897466bb86d5accb51912bbbe9a8ed,2.338706,0.8573127
internetarchive__openlibrary-53e02a22972e9253aeded0e1981e6845e1e521fe,1.8061711,0.7365604
internetarchive__openlibrary-58999808a17a26b387f8237860a7a524d1e2d262,0.41556627,0.6317062
internetarchive__openlibrary-5c6c22f3d2edf2f1b10f5dc335e32cb6a5f40341,1.2459625,0.60483754
internetarchive__openlibrary-60725705782832a2cb22e17c49697948a42a9d03,-0.03577952,0.6146442
internetarchive__openlibrary-62d2243131a9c7e6aee00d1e9c5660fd5b594e89,-0.77706355,0.66607326
internetarchive__openlibrary-6a117fab6c963b74dc1ba907d838e74f76d34a4b,1.210941,0.6800784
internetarchive__openlibrary-6afdb09df692223c3a31df65cfa92f15e5614c01,-0.3446105,0.5921079
internetarchive__openlibrary-6e889f4a733c9f8ce9a9bd2ec6a934413adcedb9,2.4512353,0.8663626
internetarchive__openlibrary-6fdbbeee4c0a7e976ff3e46fb1d36f4eb110c428,1.7211777,0.7571631
internetarchive__openlibrary-72321288ea790a3ace9e36f1c05b68c93f7eec43,-0.40140468,0.6063898
internetarchive__openlibrary-757fcf46c70530739c150c57b37d6375f155dc97,0.8067119,0.6359197
internetarchive__openlibrary-798055d1a19b8fa0983153b709f460be97e33064,1.7368493,0.76379067
internetarchive__openlibrary-798a582540019363d14b2090755cc7b89a350788,1.6991835,0.7331893
internetarchive__openlibrary-7bf3238533070f2d24bafbb26eedf675d51941f6,-0.31575772,0.67162824
internetarchive__openlibrary-7c8dc180281491ccaa1b4b43518506323750d1e4,2.3707125,0.8440952
internetarchive__openlibrary-7cbfb812ef0e1f9716e2d6e85d538a96fcb79d13,-0.8281109,0.6675391
internetarchive__openlibrary-7f6b722a10f822171501d027cad60afe53337732,0.018210582,0.6158784
internetarchive__openlibrary-7f7e53aa4cf74a4f8549a5bcd4810c527e2f6d7e,0.7488913,0.59968406
internetarchive__openlibrary-89e4b4431fe7506c365a6f6eb6f6d048d04c044c,1.7472298,0.70282483
internetarchive__openlibrary-8a5a63af6e0be406aa6c8c9b6d5f28b2f1b6af5a,-0.37575573,0.6497382
internetarchive__openlibrary-91efee627df01e32007abf2d6ebf73f9d9053076,0.30266163,0.5820337
internetarchive__openlibrary-92db3454aeaa02f89b4cdbc3103f7e95c9759f92,-1.2842109,0.63165164
internetarchive__openlibrary-9c392b60e2c6fa1d68cb68084b4b4ff04d0cb35c,-0.047863934,0.60168445
internetarchive__openlibrary-a48fd6ba9482c527602bc081491d9e8ae6e8226c,2.3964472,0.7968116
internetarchive__openlibrary-a7b7dc5735a1b3a9824376b1b469b556dd413981,-0.80802387,0.6367004
internetarchive__openlibrary-acdddc590d0b3688f8f6386f43709049622a6e19,1.199581,0.65583616
internetarchive__openlibrary-b112069e31e0553b2d374abb5f9c5e05e8f3dbbe,-1.7798499,0.81934345
internetarchive__openlibrary-b4f7c185ae5f1824ac7f3a18e8adf6a4b468459c,-0.39688265,0.63177294
internetarchive__openlibrary-ba3abfb6af6e722185d3715929ab0f3e5a134eed,-0.026608791,0.6031744
internetarchive__openlibrary-bdba0af0f6cbaca8b5fc3be2a3080f38156d9c92,-0.38888648,0.6428824
internetarchive__openlibrary-c05ccf2cd8baa81609434e0e35c4a63bc0da5a25,1.0651611,0.7777273
internetarchive__openlibrary-c12943be1db80cf1114bc267ddf4f9933aca9b28,-0.38049152,0.61309403
internetarchive__openlibrary-c4eebe6677acc4629cb541a98d5e91311444f5d4,-0.38203165,0.67698044
internetarchive__openlibrary-c506c1b0b678892af5cb22c1c1dbc35d96787a0a,-0.41395652,0.65619737
internetarchive__openlibrary-d109cc7e6e161170391f98f9a6fa1d02534c18e4,1.2700357,0.63017267
internetarchive__openlibrary-d8162c226a9d576f094dc1830c4c1ffd0be2dd17,-0.42119473,0.5967035
internetarchive__openlibrary-de6ae10512f1b5ef585c8341b451bc49c9fd4996,-2.572176,0.86564004
internetarchive__openlibrary-e010b2a13697de70170033902ba2e27a1e1acbe9,-1.7729061,0.8386089
internetarchive__openlibrary-e390c1212055dd84a262a798e53487e771d3fb64,-0.012993613,0.5923799
internetarchive__openlibrary-e8084193a895d8ee81200f49093389a3887479ce,0.41308662,0.6577893
internetarchive__openlibrary-f0341c0ba81c790241b782f5103ce5c9a6edf8e3,0.4890527,0.60847795
internetarchive__openlibrary-f343c08f89c772f7ba6c0246f384b9e6c3dc0add,2.302138,0.86416817
internetarchive__openlibrary-f3b26c2c0721f8713353fe4b341230332e30008d,0.40371114,0.6006717
internetarchive__openlibrary-fad4a40acf5ff5f06cd7441a5c7baf41a7d81fe4,-0.73436683,0.6645787
internetarchive__openlibrary-fdbc0d8f418333c7e575c40b661b582c301ef7ac,0.78524417,0.72654647
kv-store-grpc,0.51363194,0.2757497
large-scale-text-editing,-0.37704065,0.29042783
largest-eigenval,0.78418434,0.27105296
llm-inference-batching-scheduler,1.4501712,0.29560846
log-summary-date-ranges,-0.579249,0.29450485
mailman,0.16117647,0.278242
make-mips-interpreter,3.8250053,0.4258512
matplotlib__matplotlib-13989,-1.2268302,0.4259708
matplotlib__matplotlib-14623,0.6735501,0.37733516
matplotlib__matplotlib-20488,1.3475376,0.43456417
matplotlib__matplotlib-20676,2.0202808,0.45093265
matplotlib__matplotlib-20826,1.8223499,0.44324112
matplotlib__matplotlib-20859,-1.0098672,0.39613736
matplotlib__matplotlib-22719,-2.8428774,0.48083842
matplotlib__matplotlib-22865,1.6076913,0.40278593
matplotlib__matplotlib-22871,1.2853295,0.4483067
matplotlib__matplotlib-23314,-0.9836964,0.40691787
matplotlib__matplotlib-23412,-2.0262911,0.50244284
matplotlib__matplotlib-24026,-2.1521192,0.4469868
matplotlib__matplotlib-24149,-1.8179373,0.39640504
matplotlib__matplotlib-24177,2.7865326,0.5911222
matplotlib__matplotlib-24570,-0.76437294,0.39474165
matplotlib__matplotlib-24627,-0.23909907,0.3699461
matplotlib__matplotlib-24637,-0.6095388,0.38837618
matplotlib__matplotlib-24970,-1.7472177,0.4169888
matplotlib__matplotlib-25122,-2.583957,0.45942175
matplotlib__matplotlib-25287,-2.18151,0.44338062
matplotlib__matplotlib-25311,-0.39263955,0.38490054
matplotlib__matplotlib-25332,0.26887622,0.41269845
matplotlib__matplotlib-25775,0.5888119,0.4581838
matplotlib__matplotlib-25960,3.7127202,0.7419439
matplotlib__matplotlib-26113,-2.1972022,0.37562665
matplotlib__matplotlib-26208,3.7361648,0.8210266
matplotlib__matplotlib-26291,-0.83837026,0.39075217
matplotlib__matplotlib-26342,-1.2868351,0.43258625
mcmc-sampling-stan,-0.44732422,0.33123985
merge-diff-arc-agi-task,-1.347921,0.38307622
model-extraction-relu-logits,1.731838,0.27062786
modernize-scientific-stack,-3.875301,0.84696114
mteb-leaderboard,3.3189042,0.32394513
mteb-retrieve,3.6998296,0.4239331
multi-source-data-merger,-3.8892865,0.7538048
mwaskom__seaborn-3069,1.012319,0.41416925
mwaskom__seaborn-3187,2.8539195,0.6112482
navidrome__navidrome-0130c6dc13438b48cf0fdfab08a89e357b5517c9,2.379759,0.8746943
navidrome__navidrome-09ae41a2da66264c60ef307882362d2e2d8d8b89,0.32697502,0.70102495
navidrome__navidrome-0a650de357babdcc8ce910fe37fee84acf4ed2fe,0.3998149,0.7304849
navidrome__navidrome-10108c63c9b5bdf2966ffb3239bbfd89683e37b7,1.6496148,0.7658924
navidrome__navidrome-1e96b858a91c640fe64e84c5e5ad8cc0954ea38d,1.7090552,0.72491044
navidrome__navidrome-23bebe4e06124becf1000e88472ae71a6ca7de4c,1.3797407,0.67063487
navidrome__navidrome-29b7b740ce469201af0a0510f3024adc93ef4c8e,-2.6207616,0.94577813
navidrome__navidrome-29bc17acd71596ae92131aca728716baf5af9906,-0.3675386,0.7206158
navidrome__navidrome-31799662706fedddf5bcc1a76b50409d1f91d327,0.7594491,0.63267726
navidrome__navidrome-3977ef6e0f287f598b6e4009876239d6f13b686d,-0.8583679,0.6666993
navidrome__navidrome-3bc9e75b2843f91f6a1e9b604e321c2bd4fd442a,-1.9042976,0.7828968
navidrome__navidrome-3f2d24695e9382125dfe5e6d6c8bbeb4a313a4f9,0.43873674,0.62384593
navidrome__navidrome-5001518260732e36d9a42fb8d4c054b28afab310,1.2126215,0.71028453
navidrome__navidrome-56303cde23a4122d2447cbb266f942601a78d7e4,1.202573,0.682469
navidrome__navidrome-5e549255201e622c911621a7b770477b1f5a89be,1.6246688,0.7232417
navidrome__navidrome-669c8f4c49a7ef51ac9a53c725097943f67219eb,-1.2942013,0.78834826
navidrome__navidrome-66b74c81f115c78cb69910b0472eeb376750efc4,1.1883749,0.6219324
navidrome__navidrome-677d9947f302c9f7bba8c08c788c3dc99f235f39,0.45568132,0.65276366
navidrome__navidrome-6bd4c0f6bfa653e9b8b27cfdc2955762d371d6e9,3.4116588,1.1257616
navidrome__navidrome-6c6223f2f9db2c8c253e0d40a192e3519c9037d1,2.3236318,0.9120778
navidrome__navidrome-812dc2090f20ac4f8ac271b6ed95be5889d1a3ca,1.73495,0.7107339
navidrome__navidrome-8383527aaba1ae8fa9765e995a71a86c129ef626,0.84179604,0.66689515
navidrome__navidrome-87d4db7638b37eeb754b217440ab7a372f669205,2.4129632,0.84296715
navidrome__navidrome-8e640bb8580affb7e0ea6225c0bbe240186b6b08,-0.32001746,0.68902135
navidrome__navidrome-bf2bcb12799b21069f137749e0c331f761d1f693,0.03969109,0.5827618
navidrome__navidrome-d5df102f9f97c21715c756069c9e141da2a422dc,2.2971716,0.83558875
navidrome__navidrome-d613b1930688422122796b43acb3caf2538c8fd1,-1.7631888,0.81951404
navidrome__navidrome-de90152a7173039677ac808f5bfb1e644d761336,-0.8119889,0.65023583
navidrome__navidrome-e12a14a87d392ac70ee4cc8079e3c3e0103dbcb2,2.4389524,0.8976778
navidrome__navidrome-ee21f3957e0de91624427e93c62b8ee390de72e3,0.31534997,0.6107401
navidrome__navidrome-f7d4fcdcc1a59d1b4f835519efb402897757e371,-0.07777901,0.649199
nginx-request-logging,-2.9935842,0.58449847
openssl-selfsigned-cert,-1.3206203,0.37318096
overfull-hbox,1.0630665,0.27196696
pallets__flask-5014,-3.4283452,0.49208573
password-recovery,0.9066853,0.3046508
path-tracing,2.8147602,0.32231224
path-tracing-reverse,2.995864,0.325156
polyglot-c-py,3.2656047,0.3844824
polyglot-rust-c,3.7123785,0.38088208
portfolio-optimization,-2.6086168,0.53488964
protein-assembly,2.5630896,0.33087125
protonmail__webclients-01b519cd49e6a24d9a05d2eb97f54e420740072e,0.0033311113,0.6550073
protonmail__webclients-0200ce0fc1d4dbd35178c10d440a284c82ecc858,-1.2854948,0.71225077
protonmail__webclients-0d0267c4438cf378bda90bc85eed3a3615871ac4,0.020581957,0.57313085
protonmail__webclients-1501eb765873b2884b6f1944fd242ecfc9d6b103,-1.245082,0.7159137
protonmail__webclients-2c3559cad02d1090985dba7e8eb5a129144d9811,0.462144,0.5999307
protonmail__webclients-32ff10999a06455cb2147f6873d627456924ae13,-0.010705613,0.6864189
protonmail__webclients-3a6790f480309130b5d6332dce6c9d5ccca13ee3,-0.3438297,0.6732233
protonmail__webclients-3f22e2172cbdfd7b9abb2b1d8fd80c16d38b4bbe,0.013245984,0.63453287
protonmail__webclients-428cd033fede5fd6ae9dbc7ab634e010b10e4209,2.4263642,0.89740294
protonmail__webclients-4817fe14e1356789c90165c2a53f6a043c2c5f83,2.371114,0.7975151
protonmail__webclients-4feccbc9990980aee26ea29035f8f931d6089895,0.6682513,0.6116564
protonmail__webclients-51742625834d3bd0d10fe0c7e76b8739a59c6b9f,1.6412575,0.78862077
protonmail__webclients-5d2576632037d655c3b6a28e98cd157f7e9a5ce1,-0.09102755,0.6348539
protonmail__webclients-5e815cfa518b223a088fa9bb232a5fc90ab15691,2.3143537,0.85338765
protonmail__webclients-6dcf0d0b0f7965ad94be3f84971afeb437f25b02,0.72249174,0.614408
protonmail__webclients-6f8916fbadf1d1f4a26640f53b5cf7f55e8bedb7,-0.42732123,0.65925306
protonmail__webclients-708ed4a299711f0fa79a907cc5847cfd39c0fc71,-1.3604356,0.67079717
protonmail__webclients-7b833df125859e5eb98a826e5b83efe0f93a347b,-0.04569228,0.6476111
protonmail__webclients-7e54526774e577c0ebb58ced7ba8bef349a69fec,0.30746475,0.6831633
protonmail__webclients-8142704f447df6e108d53cab25451c8a94976b92,1.6162816,0.79391825
protonmail__webclients-815695401137dac2975400fc610149a16db8214b,-1.2922045,0.67775047
protonmail__webclients-8afd9ce04c8dde9e150e1c2b50d32e7ee2efa3e7,-0.8626449,0.5943936
protonmail__webclients-8be4f6cb9380fcd2e67bcb18cef931ae0d4b869c,0.86861426,0.61697555
protonmail__webclients-ac23d1efa1a6ab7e62724779317ba44c28d78cfd,0.84049207,0.54162526
protonmail__webclients-b387b24147e4b5ec3b482b8719ea72bee001462a,1.6954347,0.800135
protonmail__webclients-b530a3db50cb33e5064464addbcbef1465856ce6,2.3887234,0.7908004
protonmail__webclients-b9387af4cdf79c2cb2a221dea33d665ef789512e,2.4438405,0.8677076
protonmail__webclients-bf2e89c0c488ae1a87d503e5b09fe9dd2f2a635f,0.053788308,0.6360148
protonmail__webclients-c5a2089ca2bfe9aa1d85a664b8ad87ef843a1c9c,3.3526511,1.0089595
protonmail__webclients-c8117f446c3d1d7e117adc6e0e46b0ece9b0b90e,-1.214993,0.8110371
protonmail__webclients-cb8cc309c6968b0a2a5fe4288d0ae0a969ff31e1,2.458538,0.778437
protonmail__webclients-cba6ebbd0707caa524ffee51c62b197f6122c902,2.3414512,0.85947603
protonmail__webclients-d3e513044d299d04e509bf8c0f4e73d812030246,-0.40989906,0.61997354
protonmail__webclients-d494a66038112b239a381f49b3914caf8d2ef3b4,1.1464422,0.73303664
protonmail__webclients-da91f084c0f532d9cc8ca385a701274d598057b8,2.2721906,0.81824183
protonmail__webclients-df60460f163fd5c34e844ab9015e3176f1ab1ac0,0.7856764,0.6871792
protonmail__webclients-dfe5604193d63bfcb91ce60d62db2f805c43bf11,0.41096175,0.6687838
protonmail__webclients-e9677f6c46d5ea7d277a4532a4bf90074f125f31,0.33337393,0.6595847
protonmail__webclients-f080ffc38e2ad7bddf2e93e5193e82c20c7a11e7,2.359772,0.98197883
protonmail__webclients-f161c10cf7d31abf82e8d64d7a99c9fac5acfa18,-0.86966944,0.63618475
protonmail__webclients-fc9d535e9beb3ae30a52a7146398cadfd6e30606,0.75337845,0.6203282
prove-plus-comm,-3.8590233,0.7682146
psf__requests-1142,0.22578065,0.39168265
psf__requests-1724,-0.98614585,0.40148947
psf__requests-1766,-2.0029027,0.43201005
psf__requests-1921,-0.57781893,0.3683549
psf__requests-2317,-1.0686527,0.3994869
psf__requests-2931,0.5874237,0.36051255
psf__requests-5414,-0.03625813,0.43192014
pydata__xarray-2905,-1.1477956,0.37795228
pydata__xarray-3095,-0.5502169,0.3906323
pydata__xarray-3151,-1.6074642,0.39941064
pydata__xarray-3305,-1.6457759,0.39743438
pydata__xarray-3677,-2.846484,0.49220666
pydata__xarray-3993,0.65325457,0.41745144
pydata__xarray-4075,-3.53226,0.5666669
pydata__xarray-4094,-0.019679759,0.37086707
pydata__xarray-4356,-2.1744297,0.42207763
pydata__xarray-4629,-3.859151,0.5572623
pydata__xarray-4687,1.5964742,0.44629106
pydata__xarray-4695,0.85090524,0.4409572
pydata__xarray-4966,-2.1575234,0.46105492
pydata__xarray-6461,-1.2849483,0.41701087
pydata__xarray-6599,1.2575576,0.457013
pydata__xarray-6721,0.09389357,0.4258761
pydata__xarray-6744,0.5382694,0.39668208
pydata__xarray-6938,3.184432,0.6640933
pydata__xarray-7233,-1.6663293,0.41612408
pydata__xarray-7393,-0.47318217,0.39556992
pylint-dev__pylint-4970,2.8313818,0.5364525
pylint-dev__pylint-6386,1.5739299,0.42827284
pylint-dev__pylint-6528,0.045320146,0.354176
pylint-dev__pylint-6903,-4.495323,0.66953486
pylint-dev__pylint-7080,3.2572894,0.6347571
pylint-dev__pylint-7277,-1.9790084,0.40527454
pylint-dev__pylint-8898,2.6595986,0.5964388
pypi-server,-1.4538175,0.41808575
pytest-dev__pytest-10051,0.95416635,0.40573
pytest-dev__pytest-10081,-1.0116951,0.40046263
pytest-dev__pytest-5262,-1.3190067,0.37301737
pytest-dev__pytest-5631,-1.107798,0.39655453
pytest-dev__pytest-5787,1.4787439,0.4406162
pytest-dev__pytest-5809,-4.559894,0.60666627
pytest-dev__pytest-5840,3.550277,0.6808447
pytest-dev__pytest-6197,2.4490829,0.52746636
pytest-dev__pytest-6202,-4.18698,0.6512439
pytest-dev__pytest-7205,-1.3033339,0.40805689
pytest-dev__pytest-7236,-0.36060724,0.3922201
pytest-dev__pytest-7324,0.99256456,0.41985306
pytest-dev__pytest-7432,-0.60312647,0.3844575
pytest-dev__pytest-7490,0.8759634,0.4235898
pytest-dev__pytest-7521,-0.44791138,0.40491986
pytest-dev__pytest-7571,-1.8953683,0.46630475
pytest-dev__pytest-7982,-2.7668648,0.4993253
pytest-dev__pytest-8399,-3.609305,0.52701044
pytorch-model-cli,0.08173469,0.30309224
pytorch-model-recovery,0.13398534,0.30041716
qemu-alpine-ssh,1.3651123,0.25357383
qemu-startup,-1.7550006,0.43165523
query-optimize,0.60200703,0.28512868
qutebrowser__qutebrowser-01d1d1494411380d97cac14614a829d3a69cecaf,0.39721146,0.6514191
qutebrowser__qutebrowser-0833b5f6f140d04200ec91605f88704dd18e2970,-0.8860965,0.6926499
qutebrowser__qutebrowser-0aa57e4f7243024fa4bba8853306691b5dbd77b3,1.268787,0.714447
qutebrowser__qutebrowser-0b621cb0ce2b54d3f93d8d41d8ff4257888a87e5,0.014878945,0.62220395
qutebrowser__qutebrowser-0d2afd58f3d0e34af21cee7d8a3fc9d855594e9f,-0.332998,0.6905858
qutebrowser__qutebrowser-0fc6d1109d041c69a68a896db87cf1b8c194cef7,0.74006975,0.6501297
qutebrowser__qutebrowser-1943fa072ec3df5a87e18a23b0916f134c131016,-1.8199912,0.7794598
qutebrowser__qutebrowser-1a9e74bfaf9a9db2a510dc14572d33ded6040a57,-0.3497367,0.6498562
qutebrowser__qutebrowser-1af602b258b97aaba69d2585ed499d95e2303ac2,-1.3837484,0.7336222
qutebrowser__qutebrowser-233cb1cc48635130e5602549856a6fa4ab4c087f,1.1104913,0.6927242
qutebrowser__qutebrowser-2dd8966fdcf11972062c540b7a787e4d0de8d372,0.36006323,0.6139484
qutebrowser__qutebrowser-2e961080a85d660148937ee8f0f6b3445a8f2c01,0.46418718,0.6083115
qutebrowser__qutebrowser-322834d0e6bf17e5661145c9f085b41215c280e8,2.5065722,0.8997185
qutebrowser__qutebrowser-34a13afd36b5e529d553892b1cd8b9d5ce8881c4,-2.596556,0.9240123
qutebrowser__qutebrowser-35168ade46184d7e5b91dfa04ca42fe2abd82717,0.8573875,0.6855162
qutebrowser__qutebrowser-3d01c201b8aa54dd71d4f801b1dd12feb4c0a08a,0.039468367,0.6681617
qutebrowser__qutebrowser-3fd8e12949b8feda401930574facf09dd4180bba,-1.8163818,0.8018161
qutebrowser__qutebrowser-44e64199ed38003253f0296badd4a447645067b6,-1.8743675,0.7888298
qutebrowser__qutebrowser-46e6839e21d9ff72abb6c5d49d5abaa5a8da8a81,-0.42570698,0.6971176
qutebrowser__qutebrowser-479aa075ac79dc975e2e949e188a328e95bf78ff,-0.006295194,0.6800713
qutebrowser__qutebrowser-50efac08f623644a85441bbe02ab9347d2b71a9d,-2.541885,0.8332591
qutebrowser__qutebrowser-52708364b5f91e198defb022d1a5b4b3ebd9b563,-0.031957593,0.6592311
qutebrowser__qutebrowser-54bcdc1eefa86cc20790973d6997b60c3bba884c,-1.8178638,0.79207796
qutebrowser__qutebrowser-5cef49ff3074f9eab1da6937a141a39a20828502,-0.021640161,0.6118101
qutebrowser__qutebrowser-5e0d6dc1483cb3336ea0e3dcbd4fe4aa00fc1742,-0.7036827,0.6887345
qutebrowser__qutebrowser-5fdc83e5da6222fe61163395baaad7ae57fa2cb4,-1.281713,0.67655975
qutebrowser__qutebrowser-66cfa15c372fa9e613ea5a82d3b03e4609399fb6,0.4295029,0.6299753
qutebrowser__qutebrowser-6b320dc18662580e1313d2548fdd6231d2a97e6d,0.43773928,0.64294934
qutebrowser__qutebrowser-6dd402c0d0f7665d32a74c43c5b4cf5dc8aff28d,0.273184,0.5407967
qutebrowser__qutebrowser-77c3557995704a683cdb67e2a3055f7547fa22c3,2.2943385,0.7993645
qutebrowser__qutebrowser-7b603dd6bf195e3e723ce08ff64a82b406e3f6b6,-1.3196834,0.73532677
qutebrowser__qutebrowser-7f9713b20f623fc40473b7167a082d6db0f0fd40,2.4994612,0.78930515
qutebrowser__qutebrowser-85b867fe8d4378c8e371f055c70452f546055854,-0.45347908,0.66313934
qutebrowser__qutebrowser-8cd06741bb56cdca49f5cdc0542da97681154315,1.1934719,0.71432334
qutebrowser__qutebrowser-8d05f0282a271bfd45e614238bd1b555c58b3fc1,-0.7941422,0.65120727
qutebrowser__qutebrowser-8f46ba3f6dc7b18375f7aa63c48a1fe461190430,-3.5256336,1.0620239
qutebrowser__qutebrowser-96b997802e942937e81d2b8a32d08f00d3f4bc4e,-1.7428081,0.8050165
qutebrowser__qutebrowser-99029144b5109bb1b2a53964a7c129e009980cd9,-0.36431572,0.6600204
qutebrowser__qutebrowser-996487c43e4fcc265b541f9eca1e7930e3c5cf05,-1.2969624,0.7234121
qutebrowser__qutebrowser-9ed748effa8f3bcd804612d9291da017b514e12f,2.4136481,0.87045217
qutebrowser__qutebrowser-a25e8a09873838ca9efefd36ea8a45170bbeb95c,2.3110585,0.8069558
qutebrowser__qutebrowser-a84ecfb80a00f8ab7e341372560458e3f9cfffa2,-1.2060999,0.71404576
qutebrowser__qutebrowser-bedc9f7fadf93f83d8dee95feeecb9922b6f063f,-1.3354741,0.74557084
qutebrowser__qutebrowser-bf045f7ec7c27709ea3ef61cf41a24e8fdd2e7da,-0.44670364,0.72867435
qutebrowser__qutebrowser-c09e1439f145c66ee3af574386e277dd2388d094,0.4230428,0.6057432
qutebrowser__qutebrowser-c0be28ebee3e1837aaf3f30ec534ccd6d038f129,1.2534709,0.58791417
qutebrowser__qutebrowser-c580ebf0801e5a3ecabc54f327498bb753c6d5f2,-0.81026894,0.71905667
qutebrowser__qutebrowser-cc360cd4a34a126274c7b51f3b63afbaf3e05a02,0.3997017,0.6615454
qutebrowser__qutebrowser-cf06f4e3708f886032d4d2a30108c2fddb042d81,0.29341048,0.62485623
qutebrowser__qutebrowser-de4a1c1a2839b5b49c3d4ce21d39de48d24e2091,-0.51719123,0.5988541
qutebrowser__qutebrowser-deeb15d6f009b3ca0c3bd503a7cef07462bd16b4,2.414378,0.82513213
qutebrowser__qutebrowser-e15d26630934d0b6415ed2295ac42fd570a57620,0.7829178,0.69986796
qutebrowser__qutebrowser-e34dfc68647d087ca3175d9ad3f023c30d8c9746,2.3616257,0.8057708
qutebrowser__qutebrowser-e5340c449f23608803c286da0563b62f58ba25b0,-0.3432921,0.6088201
qutebrowser__qutebrowser-e57b6e0eeeb656eb2c84d6547d5a0a7333ecee85,-1.7416458,0.81752115
qutebrowser__qutebrowser-e64622cd2df5b521342cf4a62e0d4cb8f8c9ae5a,-3.5790286,1.0547142
qutebrowser__qutebrowser-e70f5b03187bdd40e8bf70f5f3ead840f52d1f42,0.35431504,0.6074213
qutebrowser__qutebrowser-ebfe9b7aa0c4ba9d451f993e08955004aaec4345,-0.71098214,0.64590037
qutebrowser__qutebrowser-ec2dcfce9eee9f808efc17a1b99e227fc4421dea,1.6890986,0.7055176
qutebrowser__qutebrowser-ed19d7f58b2664bb310c7cb6b52c5b9a06ea60b2,0.8025214,0.6482488
qutebrowser__qutebrowser-ef5ba1a0360b39f9eff027fbdc57f363597c3c3b,0.7650704,0.60088784
qutebrowser__qutebrowser-f7753550f2c1dcb2348e4779fd5287166754827e,-0.40524507,0.63153976
qutebrowser__qutebrowser-f8e7fea0becae25ae20606f1422068137189fe9e,1.1939793,0.62444353
qutebrowser__qutebrowser-f91ace96223cac8161c16dd061907e138fe85111,-3.6073549,1.1347294
qutebrowser__qutebrowser-fd6790fe8c02b144ab2464f1fc8ab3d02ce3c476,-0.057781495,0.6292897
qutebrowser__qutebrowser-fea33d607fde83cf505b228238cf365936437a63,-0.833629,0.6538375
qutebrowser__qutebrowser-fec187c2cb53d769c2682b35ca77858a811414a8,1.7418138,0.7807918
regex-chess,4.4399657,0.4973184
regex-log,-1.2427673,0.37292814
reshard-c4-data,0.9621671,0.32700175
rstan-to-pystan,0.9280674,0.29039824
sam-cell-seg,4.4797816,0.52894
sanitize-git-repo,1.2557113,0.30801326
schemelike-metacircular-eval,1.2397926,0.28069276
scikit-learn__scikit-learn-10297,-3.5479224,0.50151426
scikit-learn__scikit-learn-10844,-4.6003146,0.65600663
scikit-learn__scikit-learn-10908,-0.16037461,0.38230443
scikit-learn__scikit-learn-11310,-2.191158,0.46782956
scikit-learn__scikit-learn-11578,-3.874534,0.607933
scikit-learn__scikit-learn-12585,-4.5942464,0.60830957
scikit-learn__scikit-learn-12682,-0.05073989,0.3318708
scikit-learn__scikit-learn-12973,-0.86785096,0.35036853
scikit-learn__scikit-learn-13124,0.67746454,0.4431676
scikit-learn__scikit-learn-13135,-1.4043784,0.39592668
scikit-learn__scikit-learn-13142,-1.4398592,0.42948705
scikit-learn__scikit-learn-13328,-3.039028,0.50486106
scikit-learn__scikit-learn-13439,-2.7223806,0.4882042
scikit-learn__scikit-learn-13496,-1.934589,0.43932155
scikit-learn__scikit-learn-13779,-2.5323768,0.45411065
scikit-learn__scikit-learn-14053,-2.3276768,0.45320198
scikit-learn__scikit-learn-14087,-0.11674802,0.3649381
scikit-learn__scikit-learn-14141,-3.481207,0.58977693
scikit-learn__scikit-learn-14496,-4.5522103,0.593413
scikit-learn__scikit-learn-14629,3.219583,0.6834601
scikit-learn__scikit-learn-14710,-1.9624355,0.40179536
scikit-learn__scikit-learn-14894,-3.412395,0.5650782
scikit-learn__scikit-learn-14983,1.1033363,0.4319876
scikit-learn__scikit-learn-15100,-2.7081575,0.4933402
scikit-learn__scikit-learn-25102,1.2255727,0.44651413
scikit-learn__scikit-learn-25232,-1.6407952,0.43509412
scikit-learn__scikit-learn-25747,3.2583978,0.60479754
scikit-learn__scikit-learn-25931,-1.3385302,0.36818033
scikit-learn__scikit-learn-25973,-0.9952807,0.3735551
scikit-learn__scikit-learn-26323,-1.4735401,0.43193
scikit-learn__scikit-learn-9288,-1.4205033,0.36604145
sparql-university,0.9605744,0.27705562
sphinx-doc__sphinx-10323,-0.11558109,0.4005217
sphinx-doc__sphinx-10435,3.1417587,0.6567737
sphinx-doc__sphinx-10449,-0.07275848,0.3436096
sphinx-doc__sphinx-10466,-1.3476789,0.45282403
sphinx-doc__sphinx-10673,0.2808016,0.40937936
sphinx-doc__sphinx-11445,0.3462794,0.4246561
sphinx-doc__sphinx-7440,-0.17256126,0.3632588
sphinx-doc__sphinx-7454,1.482567,0.4430676
sphinx-doc__sphinx-7757,-0.05643029,0.37987795
sphinx-doc__sphinx-7889,-1.1674056,0.4012447
sphinx-doc__sphinx-7910,-0.7191948,0.40980068
sphinx-doc__sphinx-7985,3.1656969,0.699624
sphinx-doc__sphinx-8035,-0.49291056,0.4075488
sphinx-doc__sphinx-8056,2.4275582,0.5709736
sphinx-doc__sphinx-8120,-0.52545834,0.43534586
sphinx-doc__sphinx-8265,2.772879,0.6080181
sphinx-doc__sphinx-8269,-0.47947833,0.36827266
sphinx-doc__sphinx-8459,0.052388776,0.39345342
sphinx-doc__sphinx-8475,-1.2852474,0.40774092
sphinx-doc__sphinx-8548,3.1752288,0.62270224
sphinx-doc__sphinx-8551,0.7701619,0.3601805
sphinx-doc__sphinx-8593,0.7872719,0.4389234
sphinx-doc__sphinx-8595,-1.2956727,0.3750597
sphinx-doc__sphinx-8621,1.7214803,0.4769284
sphinx-doc__sphinx-8638,3.6878989,0.7892875
sphinx-doc__sphinx-8721,-2.1210103,0.43226993
sphinx-doc__sphinx-9230,0.9280852,0.42512757
sphinx-doc__sphinx-9258,1.719011,0.47001138
sphinx-doc__sphinx-9281,-0.70180196,0.38907224
sphinx-doc__sphinx-9320,-2.307578,0.45681396
sphinx-doc__sphinx-9367,-2.3963883,0.4487187
sphinx-doc__sphinx-9591,1.1555455,0.44106436
sphinx-doc__sphinx-9602,3.1295152,0.6743032
sphinx-doc__sphinx-9658,1.4983876,0.46854526
sphinx-doc__sphinx-9673,-0.3178932,0.34525082
sphinx-doc__sphinx-9698,-2.369374,0.4674613
sphinx-doc__sphinx-9711,-2.0946107,0.46652067
sqlite-db-truncate,1.1965948,0.27136648
sqlite-with-gcov,-1.31329,0.33676368
sympy__sympy-11618,-1.7620867,0.43300095
sympy__sympy-12096,-2.9868217,0.5202344
sympy__sympy-12419,-0.033122197,0.4012817
sympy__sympy-12481,-1.1593548,0.42943147
sympy__sympy-12489,2.2798324,0.53204197
sympy__sympy-13031,1.9121128,0.48915482
sympy__sympy-13091,1.7553018,0.4878047
sympy__sympy-13372,-2.155967,0.3970937
sympy__sympy-13480,-3.5765405,0.51516366
sympy__sympy-13551,1.0188067,0.43589118
sympy__sympy-13615,1.5284904,0.46642625
sympy__sympy-13647,-2.177147,0.40124696
sympy__sympy-13757,0.77873015,0.4537162
sympy__sympy-13798,1.9539543,0.4855562
sympy__sympy-13877,1.8915164,0.49462235
sympy__sympy-13878,0.05249778,0.37310758
sympy__sympy-13974,2.5054142,0.53366697
sympy__sympy-14531,-1.0931407,0.46058705
sympy__sympy-14711,-2.2944283,0.4409686
sympy__sympy-14976,0.32293487,0.44230467
sympy__sympy-15017,0.63849133,0.46594033
sympy__sympy-15345,0.10625806,0.40340146
sympy__sympy-15349,-0.7076168,0.39504924
sympy__sympy-15599,1.7234043,0.4770545
sympy__sympy-15809,-0.40204728,0.41193908
sympy__sympy-15875,0.3251924,0.35763216
sympy__sympy-15976,1.7840681,0.4984959
sympy__sympy-16450,-1.7823784,0.43638304
sympy__sympy-16766,-3.8840067,0.5823221
sympy__sympy-16792,-0.21796778,0.41794807
sympy__sympy-16886,-2.5597394,0.4534344
sympy__sympy-17139,-0.36881733,0.3877839
sympy__sympy-17318,3.6880686,0.72196245
sympy__sympy-17655,-0.34070727,0.40217677
sympy__sympy-18189,-0.4769164,0.3662761
sympy__sympy-18211,0.26873666,0.4183472
sympy__sympy-18698,1.6936251,0.48315415
sympy__sympy-18763,0.02012547,0.3613928
sympy__sympy-19040,2.2204056,0.49344468
sympy__sympy-19346,-1.8445444,0.49283394
sympy__sympy-19495,-0.40317905,0.35401973
sympy__sympy-19637,-2.5600262,0.48060304
sympy__sympy-19783,0.24861306,0.38038224
sympy__sympy-19954,-1.467079,0.38011456
sympy__sympy-20154,-1.7027593,0.42841452
sympy__sympy-20590,0.26817936,0.39302877
sympy__sympy-20801,-0.2993352,0.40404093
sympy__sympy-20916,3.673202,0.74123853
sympy__sympy-21379,0.72093743,0.40535784
sympy__sympy-21612,3.6550748,0.78349364
sympy__sympy-21847,-2.0802133,0.41657698
sympy__sympy-22080,3.7184162,0.70225495
sympy__sympy-22456,-1.2869936,0.37939307
sympy__sympy-22714,-1.2496011,0.40250725
sympy__sympy-22914,-2.9842021,0.48590273
sympy__sympy-23262,-0.7738659,0.3636519
sympy__sympy-23413,2.8261373,0.57413113
sympy__sympy-23534,-1.4407388,0.4080489
sympy__sympy-23824,-2.0289352,0.4393622
sympy__sympy-23950,-0.86865294,0.3622746
sympy__sympy-24066,-0.6764405,0.34566087
sympy__sympy-24213,-3.565222,0.57052743
sympy__sympy-24443,-3.3136492,0.5632274
sympy__sympy-24539,-3.2699018,0.59246546
sympy__sympy-24562,0.7916656,0.39883167
sympy__sympy-24661,-1.4886631,0.40454823
torch-pipeline-parallelism,4.134731,0.4518008
torch-tensor-parallelism,3.6775944,0.37529
train-fasttext,4.3012114,0.46641913
tune-mjcf,-0.3927215,0.3149799
tutao__tutanota-09c2776c0fce3db5c6e18da92b5a45dce9f013aa,1.745024,0.6871967
tutao__tutanota-12a6cbaa4f8b43c2f85caca0787ab55501539955,1.2192909,0.6600466
tutao__tutanota-1e516e989b3c0221f4af6b297d9c0e4c43e4adc3,0.0010422295,0.6817533
tutao__tutanota-1ff82aa365763cee2d609c9d19360ad87fdf2ec7,2.303999,0.7391089
tutao__tutanota-219bc8f05d7b980e038bc1524cb021bf56397a1b,-0.044589244,0.6036845
tutao__tutanota-40e94dee2bcec2b63f362da283123e9df1874cc1,0.76547104,0.6175772
tutao__tutanota-4b4e45949096bb288f2b522f657610e480efa3e8,0.02171403,0.67605036
tutao__tutanota-b4934a0f3c34d9d7649e944b183137e8fad3e859,0.101850905,0.5706403
tutao__tutanota-befce4b146002b9abc86aa95f4d57581771815ce,-0.32332057,0.5938789
tutao__tutanota-da4edb7375c10f47f4ed3860a591c5e6557f7b5c,1.718113,0.7705461
tutao__tutanota-de49d486feef842101506adf040a0f00ded59519,0.8350595,0.60498464
tutao__tutanota-f373ac3808deefce8183dad8d16729839cc330c1,-0.10874794,0.5855439
tutao__tutanota-f3ffe17af6e8ab007e8d461355057ad237846d9d,2.3879578,0.8048328
tutao__tutanota-fbdb72a2bd39b05131ff905780d9d4a2a074de26,0.42966494,0.60377395
tutao__tutanota-fe240cbf7f0fdd6744ef7bef8cb61676bcdbb621,0.8411015,0.6536547
video-processing,4.2200685,0.479167
vulnerable-secret,-1.444454,0.38156614
winning-avg-corewars,1.2273405,0.2922036
write-compressor,2.8559391,0.31068152
